{
  "residual_std": 0.06763108819723129,
  "sigmas": 4.0,
  "threshold": 0.27052435278892517
}