{
  "reconstruction_std": 0.0006055831327103078,
  "sigmas": 4.0,
  "threshold": 0.0024223325308412313
}